path	size	sha256
.github/workflows/database-validation.yml	3063	1f0c8597fde79f9363535e13a3d8c976815dbfe61e25252a52604d054c60766c
.github/workflows/edge-validation.yml	3924	84462376232003d8c43d046f2961fb7d967abf5eacd6fba8d73b80071def026b
.github/workflows/frontend-validation.yml	1172	3381122b63facb7934aeafc0ba93099686c109221c3817f73f379027b21f994e
.gitignore	2369	4388f0ade022df5f5e868501450024e31293ad18a2ffc6021ad695201c4bd0f9
CI_SOURCE_SHA.txt	41	34d128ab5773aba1e29e016617273920dc88afce0f0929445f2b272e76d5fe41
index.html	822	6f212c064035492d2fcbf2d0d30ec95bdeb41c2b99d23d5c6c08c81949c2a607
package.json	5082	16289f6ac0c2bf16a343b8509c12a95c4a5d7dbabf87da48db85f8ef5621392c
package-lock.json	78433	54a0212c83aff3aa1e719fb22a4b2c2c5c4c764a7b29c7ed7b5f394c20dc2905
playwright.auth.config.js	661	a38bb72314c4f2d0486c82dae829363e64f049272772958cca7dd2bc7859c226
playwright.config.js	533	8cd123ed6733fbd263bd285a3ef0e3a431a8c8849fbe477f97fdb431c4cd6de3
public/_redirects	20	94f76bf42ffc51f446f54963735cab3da50e9db2eb45d4934da61e45c717d599
public/brand/apple-touch-icon.png	35952	aeded9778f54bc16a3e006f553118a63519db6a71e23ab8cabc3e32aef0a4e64
public/brand/certsim-medal-apple-touch-icon.png	35952	aeded9778f54bc16a3e006f553118a63519db6a71e23ab8cabc3e32aef0a4e64
public/brand/certsim-medal-favicon-48.png	3726	819e99afbd8ecd64ea555badca67a2b095c5810b964f97320212474d9706a60a
public/brand/certsim-platform-medal-icon.png	1048745	8bba55485be0d3f23c9e79c8d4000068b7b3b2dcd6f9fd15b2234a655c34db6b
public/brand/certsim-platform-medal-icon-256.png	71651	860d3a3aa363f9e6e271b087b5206b1a639964c0dd32f862f2f8111472804efc
public/brand/certsim-platform-wordmark-dark.png	557352	63738decc3a4c10504acc5b5605434e82043728c2f9c8eb832e3b2149fedeeb6
public/brand/certsim-platform-wordmark-dark-display.png	189139	944c43833e98559c574e0b95cce6ad1cccfd1bed51769223acb3bba798c7189d
public/brand/favicon-48.png	3726	819e99afbd8ecd64ea555badca67a2b095c5810b964f97320212474d9706a60a
public/certsim-medal-favicon.ico	6480	300bcc58dcd68f6eaf03eb3593a6a5b94d1dfcd2e4902cb92f80ae2ae284fcd4
public/favicon.ico	6480	300bcc58dcd68f6eaf03eb3593a6a5b94d1dfcd2e4902cb92f80ae2ae284fcd4
README.md	466	ae0477b62a15d19db0b67587eaf08a3752717be396280b86fa9bd43513678d07
scripts/backend-exam-publication/canonical-json.mjs	3249	57bed26c6f35375b9e0ac324fa82edae1232fa96a8c0df6c2067cb8080d10be0
scripts/backend-exam-publication/external-content-package.mjs	2414	84b09e65d1e437f3891f88e46f2ee781c40431c2f8ceeb4007890ebc476b6c23
scripts/backend-exam-publication/multi-exam-contract.mjs	8265	6daea34efc22668179eebb156173fe9c7d5bec6e4b17403fd80602b8f6f54ee4
scripts/backend-exam-publication/pbq-runtime.mjs	6425	a16c2cdbf13e118700ce9e62c8d45db0f91d602053f496ba23511682b630899b
scripts/backend-exam-publication/publication-model.mjs	33461	6d6b90a1fabcaea52ad1a6715dfa7f4734a629f05f4f3e5308c0a1dd46e52cd8
scripts/backend-exam-publication/publication-transport.mjs	1151	18734aeb626f37e8e1e1d074c5047bbb68145e097eb11429a177d18ed746ddc1
scripts/backend-exam-publication/validateQuestionBank.mjs	9920	6db5c4f46ac344d60980ae67e6be62b38f0fa0e50d8aa4569fa2414d2dd94691
scripts/build-certsim-delivery-mode.mjs	955	2bced7968ab83e9bdbd825b02500e09b08c573ab818173bebba83c83ad43632b
scripts/build-protected-production.mjs	640	e238fbe1f123fd71e904ab78bda4583879c128db71970071d39b1cd81492f818
scripts/deploy-protected-production.mjs	2956	de7fdcdae92f76246b41247834fd79682c7c2cc15de6d5a0a4c8cf93fb9881ae
scripts/protected-exam-pilot/controlled-responses.mjs	1563	5d4c90bf160b83ae9e08e826c963908058dd872de5d6f096a246ef50d9b79836
scripts/protected-exam-pilot/runtime-config.mjs	1289	913ec27468fcfa178a290b6ab2ceb5266aa94fbff9940f39e2e368a893ded4ae
scripts/protected-exam-pilot/staff-history-verifier.mjs	3734	67e4cfd268e58da235cba12077c2252b8872ac095c2820ea3e5ecbd2baeb83a4
scripts/protected-exam-pilot/stage1-result-verifier.mjs	1674	5b54b67817d68179d1ed3403870944109e21294d671401f749689bde6625132b
scripts/supabase-migration-validation/issue59-crlf-postcheck.sql	1688	9cef72a59af4c448758bf318ccbf04a0d5a7e3af9ffac6f665dd0f1aa180d399
scripts/supabase-migration-validation/issue59-crlf-production-shape.sql	2445	dc13cf5332097100e4593d35412423bbace0ead28057eb0103adf8e756fdc469
scripts/supabase-migration-validation/prepare-migrations.mjs	20177	fe5deb14d7c946838e3d21643ed5c016a455a05d4cd497a43238ce0e56daaf44
scripts/test-generic-protected-lifecycle-integration.mjs	52078	535ca9976380abeecc2c86c914a3bd76d33e952487a1b624f279308338b304be
scripts/test-issue21-canonical-form-lifecycle.mjs	22997	c89ac6ea94e3abe2dd167ebda4e051beb3af53a518387ca08d513f1f5663f607
scripts/test-protected-access-history-integration.mjs	16261	ec6e30a5098b5239cee10ef4a272b5b852dd13d74f702a355290f5276b59293b
scripts/test-protected-assignment-integration.mjs	12544	fc9098715f8e01f680a474bdcde942e20ec23f11830745f307f87c61836f95e0
scripts/test-protected-production-env.mjs	2463	d75201ab3e08974bd6489b56aee1ccc89b42a866432d6dc60b4e61c2d8e17e61
scripts/validate-backend-exam-delivery-schema.mjs	11847	5a15b3504c2cd09ac5b28ff85cbd03844fb7cdf0b9aa149a3f008c05a4ebd580
scripts/validate-backend-exam-publication.mjs	15533	45554756eac45d4afcad49d38fdc587ce2dea7123bb6514653bd72801bafd56a
scripts/validate-exam-display-metadata.mjs	2683	9c3f69d81a9043683a0a18278dbc3ddb1c996f5e3a0525eb9ce3dd05bc3f6a3a
scripts/validate-exam-library.mjs	3314	228d6a011d2d3acd4e94f2ee059ffba71c3e01ace101fe5247f72da71c1d76b0
scripts/validate-external-protected-package.mjs	2586	cc21f65c32a8fb65985b3b9aa779a5ebdaff68f985aaada60c7f1f4754bfc9ed
scripts/validate-fixed-profile-counts.mjs	4711	e10ef3cafc23385b5d97ab5dc0148c23426f54176ae28c4b13efa5dfd3274f15
scripts/validate-g3b1-protected-practice.mjs	9665	b1c3c680b5651efa8365ac6e417f858134c32224d4f300059dbbf8652390b11e
scripts/validate-generic-protected-lifecycle.mjs	4374	ca0f44911e2538875ee6956c996b27b8d221e98215fa641e28fc65c10d0bb7fa
scripts/validate-generic-protected-privileges.mjs	1600	bfc1e044b23b76c507e43d0a2c34e39fae3523da6cd631384d0856ac2b753bc3
scripts/validate-history-pagination.mjs	3274	940505707a3afb45ec0386784cb5853d88f3eb120a4612f05d0f0ed1c45f41db
scripts/validate-issue21-canonical-form-rotation.mjs	3214	0f9287fd6078e773af3dc17df2cd6849411be380d7f2114579c3c118f37120b2
scripts/validate-issue23-performance-dashboard.mjs	3900	cfbe22c2e558684059f54ce31f7f2dbe6e9034cc2973eb5daf878e2151c11fe4
scripts/validate-issue25-learner-recovery.mjs	2892	cd81fd0cc5d1fdea89a40b6014d8ce211307b53066097958191453d109ef6fc7
scripts/validate-issue25-legacy-compatibility.mjs	7380	458a52e35a85047894b43a3236c571d1c576727a00e6c542b44fad66be50708d
scripts/validate-issue26-bounded-data.mjs	3335	50b728e7153aa7324aad44696f238dc4dea01a5dd6e99b0d744e4b34c714e003
scripts/validate-issue26-p0-filter-performance.mjs	4450	35268fbd0a7295a23161e3b6c3a454941831d07e0af7cd75d257b10b607a506c
scripts/validate-issue27-dashboard-routes.mjs	2047	e8f1760e489fbdf9f31ede746a5f84bbe614d2d3e0bc50b540a0228ceabd5553
scripts/validate-issue38-ui-copy.mjs	2133	c2c7b78576603fd94f53b01c296439f2dd60e96be0f6b22b2830d6913057054c
scripts/validate-issue59-functional-recovery.mjs	27682	befbb522e2c8b18fd40692cf58957efdacb06436ca2a1ce78873695a9af2a6ff
scripts/validate-issue65-untimed-practice.mjs	7247	6d830fbb750c2e19cad842d957275f4ed4275294322a41036cb78b0de2d88c52
scripts/validate-multi-exam-protected-foundation.mjs	3675	2fb6db5fb5053c47d6313e7f98b61f90d32d2b14721520815b86df04dde789d4
scripts/validate-p0-production-recovery.mjs	3984	6add1044cf3569cf8baa4484fbd13d7db5abae6776e256f71aeae66d51434424
scripts/validate-package-v2-ordering-scoring.mjs	867	3ba61a968c2f24ee9f7faff0832142fd08fff86a589cea10674fce69558384e9
scripts/validate-production-authorized-access.mjs	2914	c7ad0af5b265a6cedfdecd4259d6ece90ed7072f285fa45d4e17dee78e24fdee
scripts/validate-protected-access-history.mjs	8022	495822e5463ada2a93c79a84b6cf442f99ee682ea2bd8936fee3038e9fe8843d
scripts/validate-protected-build-custody.mjs	3400	5bf7d51c21a4dce2821b016d981eacc1a977009002e0e457b4b6e8e65d919207
scripts/validate-protected-content-root.mjs	815	d026edcc1e1df56bab238082046d39ad66d7bbde62ff9002f527bacb61d6ff20
scripts/validate-protected-exam-assignment.mjs	4393	91b2b6d182f37a72bb9c3bcd63a24d4a97f41d8aa4a9baa1fca259309d6487aa
scripts/validate-protected-exam-delivery-operations.mjs	3951	1e6f9f9ad525b33ff5b229113f3a250baeb2398b0e48cbe8771629242393829b
scripts/validate-protected-exam-edge-function.mjs	9011	64306bc8930da524b7442ff468c743f8cdcb49a16f3a8b0c6c681d5e89ae5678
scripts/validate-protected-exam-publication.mjs	4921	d3996eb58285c293a1b0a18d59527b94400952e5e665d225a9335c94c6cb9d0b
scripts/validate-protected-pbq-runtime.mjs	2434	66802aa872442a99ad2a486d6e5ae533a9c107633d56235354c576fbeda60252
scripts/validate-protected-production-env.mjs	1861	d3d584c24d4842df2607073907ba5278770a0e102f5349b7db30060ae1d7a40d
scripts/validate-protected-profile-metadata.mjs	2130	b6c3d6f61547f7e8fe21d6828ea457a55d73f218ad306cea04996048000a73c0
scripts/validate-purpose-aware-readiness.mjs	5605	532aa334a7402acacb19d7476a2afafcdda76354c36dcce7240b83a6a1e7cfcf
scripts/validate-r3a-protected-audit.mjs	5968	f2ae0b3bb25a668371ebadfe51fe4753ac5168cad2e5fd95f6e1df10dd09e92b
scripts/validate-r3d-dashboard-hotfix.mjs	3320	2cc5704f683c2c852f3363ad8c1c40ac401d4205f2aaf748c259c604159ad2f3
scripts/validate-r3e-performance-scope.mjs	3614	be17dacb7b178c43169d9f7ee9e302ed1e497fc07de867a6065604c3ea50229f
scripts/validate-r3f-production-correctness.mjs	2977	755b4dcb10e9b9cc6dbf9fe45b80e30de90063f23e2c5a430d34b48e833e777a
scripts/validate-r3g-pre-exam-route.mjs	4205	2b8e36ecde126f89cd8ed3b4ef96e6f93783174a25e31d025ba19345fe8478c7
scripts/validate-site-wide-maintenance.mjs	2983	48beef13874e0c4fde17c74611cd76af3e29e4a122dc1490738952d6f3d183c2
scripts/validate-staff-history-runner.mjs	4268	ad60e34c2ffb1696d54a104e461a2d7a34397ce72bad71f79c2ecfaf183df850
scripts/validate-supabase-migration-ci.mjs	7899	b1c7d267f44eafddd95d7aed790c39a976a4685dd258f221f4fec308fa1db472
scripts/validate-weak-area-legacy-bridge.mjs	1465	67a7f8af144a06be5009d4745d3818b1ab20335aaf8f2ace698ec7c0c0e862ca
src/App.jsx	114380	ee05c1b274df3ccea1b93857b8b4a5cbdd7ccf33bdfd9c86428f5d2da0ba3b2d
src/assessments/itDirection/itDirectionAssessment.js	501	2f8dc2fa913e42f044511ca30f10b8b7aa7f77dd41f23cafdc26a63ac1f52fd8
src/components/account/AccountPage.jsx	30880	1b31f02cf29b4e634b07939583453eb024ce237548c44b32940f262c22eb842d
src/components/account/MyAssignmentsPage.jsx	1054	878e955580b80baf7ef8d2f4f87083e92757465e6e881fae625569973dcc3ee1
src/components/account/MyAssignmentsPanel.jsx	6006	15e3cf644ac8945a2395b6e7987100cf012a223073172934473999a98d94fb59
src/components/account/MyReportsPage.jsx	6119	ea438d3505ee79a71f59434cd413cdf5036a28dbcc43d144c8d13c841e141a3e
src/components/account/StudentProgressPage.jsx	15882	6a853e820bbbc8b809ab14b1ed16cdf0343279c60192bf08f5425457abb042d1
src/components/admin/AdminDetailShared.jsx	9499	723cb851b1ff55396ba63f49f9131fa55f517b40c0bae43fc0d13de94ac0d49f
src/components/admin/CampusDetailPage.jsx	10030	104f5ab9b335186bd0d9b452f239852d5e1335a8dc41d460ff8d3cfcb5fa2128
src/components/admin/GroupDetailPage.jsx	12087	a15bf897dd1743656dcb9083bc4581905a8ddfcfe5efd394248790202ba8fd83
src/components/admin/OrganisationDetailPage.jsx	12448	26a6504e5e5b8ffdebd6c7eb6241d8cab05d0777bc52e4af1ea6c3199f795996
src/components/admin/OrganisationManagementPage.jsx	45688	4d6a5b808a179d1673009ebe58b3c401f2e1ad5083c8603da0b32937a1cb5ffa
src/components/assessment/ITDirectionAssessment.jsx	19353	4df0a6a2ac300c7f9d136157959fe33303145d60af803350fbb1b4199e16e9fe
src/components/auth/AuthPanel.jsx	9864	c9a25188d15f87ed38a5532c235387f573d808e043a02064d2ebd9dcc0d66430
src/components/developer/DeveloperDashboardPage.jsx	22270	8e34777068c18cb484b3841164764bf7f215da6105effaa41834add97a78cf11
src/components/developer/DeveloperReportDetailPage.jsx	16645	b0ec34e70353f485c5c70e4158b287859cb7ab0b71aa0a8bc86df06c211e224d
src/components/exam/DragDropMatchQuestion.jsx	3654	76b97b1bf552d45fde5bea6e2d56de7d92216701c21ba3e3ba995b5308455cc2
src/components/exam/DropdownCodeQuestion.jsx	1894	9fdbf76cfda3aeefc098d07c7836827c6f2bd57a3dde54e68affc3b59c2dd2dc
src/components/exam/DropdownCommandQuestion.jsx	2027	17a840b3dfe63ccd369150847a463b3741bd22e550a6893d072a4f0150489343
src/components/exam/examLibraryHelpers.js	3273	a95e3f60141e728c96f6a8959b876dd429533ada5c7527fdc915970351de56db
src/components/exam/ExamTimer.jsx	2140	f8f30cdea6308b95d58c07a056d555e254879c8333d1df794398fd71072129d6
src/components/exam/ExamWorkspacePresentation.jsx	3431	96c06f34cd81713b2e990405450cb8ccd45de453cd32818fc7dc76fab1c3e96b
src/components/exam/FinalSubmitReview.jsx	6726	31c9eb09e71ff0d200e462538539e8dd936b41a96948a3fd93720a00879f4dc3
src/components/exam/FinalSubmitReviewPresentation.jsx	2757	a389f54c3c65663dc3b0b748afb20bd08debab7fd65ff3d16c230ab5c04352f0
src/components/exam/Home.jsx	29122	783483b04a7d10811df4df4d96d8405015623a038dc710a2c1e57b68482801fb
src/components/exam/ProtectedExamRunner.jsx	48540	d49f0ff97c38df9da7b00db8d17aef602b4b45605851a32f789fa4dd706553e9
src/components/exam/ProtectedFinalSubmitReview.jsx	3023	bd6a0864cc4d86cbb1a9bfc6b701c1c5221f59e768c57f1b11d44999aa694e1a
src/components/exam/ProtectedTargetedDomainSetup.jsx	1335	304439753e981b21dcd3caf437184d104d71354d189ff07a4ca32a6f248ce2d9
src/components/exam/QuestionCard.jsx	9584	289dad6ee112ebbb446011c4ce53428dbe2c7f0cdc6f72e9d6f003e8e87c72f3
src/components/exam/QuestionNavigator.jsx	9125	76940d6a9fe7f2a6b94cb041fe3b21d07d5a2db7e1b45fac0565f76cba25c0df
src/components/exam/ReorderQuestion.jsx	2421	7a38becb84443f80e6baf55dc283bb4d47eb946ff4b019cffb4f0dfeed40cb26
src/components/exam/StudentDetails.jsx	15091	81d00b5cad0b377bab2cc208849d8a44f6d27562c464df68409f2aa676a14471
src/components/exam/StudentGuide.jsx	6418	7988c5447f2db52b33dbcb9858255c3d0fb7b36f2513e457f5a5ee517874f677
src/components/layout/ErrorBoundary.jsx	1157	eec257676fdc6da6c0f62668c4eacb759ea95773777d8598228a082b53bcce90
src/components/layout/Header.jsx	2489	f643d0fe430473fb4815aa6809d859a38780dbbdce9270fcad361f96d8db1848
src/components/legal/LegalPage.jsx	5602	89510c106468f7886bebc57d2f419af89833265bbc9f1b240e4ff7e66e4f1eb8
src/components/onboarding/JoinPage.jsx	11132	b8af36679fff987287ea06dcf121343a0b5b443612f49a40d6e41b6b34c4166b
src/components/onboarding/OnboardingManagementPanel.jsx	25173	0abd013471ce93b64ce75f0df31a002b4a456104f721f713eb09541db9fee44a
src/components/pbq/ConfigPanelLab.jsx	2306	2c6f1fcf818b7cecf1786c0541dbb55d817c501070aa88776306bf903b3477e9
src/components/pbq/EvidenceSelectionLab.jsx	1894	d4763576c31d73f89d38ce97cf0336f2f4c1ff40bacc0d0edeedf1cc049bbf3b
src/components/pbq/FirewallRuleSimulator.jsx	2965	dd9afeb6ef0aa9f5863d447d230b0f0c79df476bc16cc99200be388e93b47475
src/components/pbq/InteractiveInvestigationLab.jsx	4469	cbbb89a604026bf42fb5ecc495ad53550fb9d4e0bead62cd50d508e317cfce24
src/components/pbq/InteractiveTopologyLab.jsx	16933	1d35b53bf6001cc59f65ea92524ab878ab3ee51ccfed62c30ae081210e941992
src/components/pbq/MultiHostTerminalLab.jsx	10271	a985a2c43aa078c2d15efb19b0890afb0f5cd2ae0608650df92735f870cd1b33
src/components/pbq/NetworkDiagramLab.jsx	3429	622c2559c3a3fbb92c52523456fa408debc6dd4548288646d5a163221ee054d5
src/components/pbq/PBQExamQuestion.jsx	8345	de1b133e415f59537a3dc1b8eb37ddd42e1fd5d19dea08a97a40ecad808c6e54
src/components/pbq/PBQMatchingLab.jsx	2097	6ab3fe3cd745dfeef6844ec90439e17aea947f68ded0124cb906ed39d17974c9
src/components/pbq/PBQOrderingLab.jsx	823	8775e0ea99dee47117b2009e951b45bda505b3644d0b3053cd81d97237268ef5
src/components/pbq/PracticalPBQLab.jsx	2631	2268c3a2a1a16ba276b7f921e408f1ada80ba1a4577b2ce72d7b6ba2f7f57d93
src/components/pbq/SIEMLogViewer.jsx	862	a00760c62a6ebf7782acc39ff4f52d5348bffcb332a3b8d6279ceb0294ced66e
src/components/pbq/SimulatedTerminal.jsx	6139	21e8edf0f8fb0a10c2d5c210af2858b508583c55eec382717fe11fdd9fb1bd5b
src/components/pbq/WorkspacePBQLab.jsx	5331	f930848e10d46bc6a52f3ed3c695b1315428d3b48b07e795f98be2be6eb97c85
src/components/reception/ReceptionPlacementDashboardPage.jsx	18724	725660aab997b0dada2a1be1436314f241be06f92673e7e93e34d6a9b5708fca
src/components/results/SavedResultDetail.jsx	13687	68e313aee9dd621b7fc00502886ce7bbc113bd1e0eac8aeb340f2ff74e57c23a
src/components/results/SavedResultsPanel.jsx	4837	fb268c34cc3c61340bb2beeb3e492b4d1b6ae2506e2c0cc7328a9366a7d87645
src/components/results/SaveResultButton.jsx	3832	a4c22cbd843ca6cf205807e5958ec682fb61220fc60ec524764bb1ad47f139a1
src/components/shared/SearchableProfilePicker.jsx	4471	46b2e6b6c48f679528f6002656a683b90b56b3a20b9f321169822945307528e9
src/components/trainer/TrainerAssignmentDetailPage.jsx	25412	821a82eb53b288a6bbf6358797d5b936a91420ae86615e70176df2aba2d41710
src/components/trainer/TrainerDashboardPage.jsx	84862	e7ba5a8ba0cdeaf92ba00a1a264518a4ac0788a13300ce4fe04a73d5e9ddfec1
src/components/trainer/TrainerStudentDetailPage.jsx	22711	9b72a4abac862aa336bde2ae514967cd32540c8126fbe865e587f5c0a050be08
src/exams/examDisplayMetadata.js	3849	454a742f50b311aeb72b43016879594f43b6505b3590fbfba3191e79ac8afd2c
src/exams/examLifecycle.js	2778	464518b77bec141de42037930f73734841274d0b81c5d4ef7b9b5b9934a83574
src/exams/examRegistry.protected.js	8429	72dd07c3ae83aadf6462d6b5c1ee1799b40ddadc63e3c6a7cf449e5ea1efc2f2
src/exams/protectedProfileMetadata.js	2786	8d5b63da59f079e7148d7dce0ccd4baa7303c50f65dee891729925e913b692aa
src/hooks/useAssignmentProgress.js	5215	91471ddc7bad5d0538cb4beb628b75d643013969deec6cc61cca020b64174309
src/hooks/useAuthSession.js	1585	ddc79fa4a5f51cd94ef55803d95a8d7c7f42bf9ab6da76864e1b85e89c94021c
src/hooks/useAutoSaveResult.js	8161	912027953566d7903ac8530a9fe695afe07c8acde6e02e835d4512bbe26a57ca
src/hooks/useCurrentIdentity.js	2935	3ca3531e1eb9b89383e6d8abba6c7f02746f99a480aa96fba5bdb4f8b2ee7445
src/hooks/useDeveloperDashboard.js	2781	28ccf6722c18faddf7158f698fce01e2d08b42bc46935dbf98c23c132e4b64b2
src/hooks/useExamAssignments.js	5156	9165c1c32e5af1180ca9b924de785ffb81fc14ddcc6e38a33ffe8e55f3de9142
src/hooks/useMyReports.js	1378	ce8012c5f6a1e8a1c1286ffe9cdbe785ef945e60e04b93e1716e1331f1a8a6fe
src/hooks/useOnboarding.js	3622	39880358afc8e468f2e3ad25d8a5d563c59350e9804bc347c5d90deca2482930
src/hooks/useOrganisationDetail.js	3210	f21e68dfdfe8f39b89ebf0de3575c3cde209cb99ac357a5b51b359b127176dd2
src/hooks/useOrganisationManagement.js	3810	e80d27674bb859da8312df239ad4298640df066a9151cee16795da8e429fdb18
src/hooks/useReceptionPlacementResults.js	2581	9af58b446dfba5bbbc887c764004aba958a980a571350a6cdeb85458bd289392
src/hooks/useResultStorage.js	2253	13c00f79a31679576cc84999a1dd7b3a4585d6f8272d48de73fa3b5ebc05a5f3
src/hooks/useSavedResults.js	4204	fa4bf88c8ead06dc200e622d94fadfd0876204972b2323854883d2b337f50463
src/hooks/useStudentProgress.js	4153	d0fd1c71212df2f793e10c60df29d698736690aae0701ce58e9931ba6765061c
src/hooks/useTrainerAnalytics.js	16912	8f9f540c00a780f8151c05dc440914e60f7e2bc608ae821accd0616315f1322c
src/hooks/useTrainerDashboard.js	4782	2816f95f895c3b428b5be755853dd257665570d2cd9ef1231d9cd73a516f44fa
src/hooks/useTrainerScope.js	6301	62ae2fe38db0b838eda9414f2b68a527edfca14008be84f30390d5f01c345b63
src/hooks/useTrainerScopeOptions.js	1471	13b0bd8fad394f77bf7261ad990c0862015815a7e9c99a4045597a1749d0101d
src/lib/accountLifecycleService.js	3732	dcce854eed92b533a372730d44222b5845843d39c4c0b6eba6bea50d1b0a9295
src/lib/ai901ProtectedPackageV2.js	693	a36361c972a8784590408dfcc0f2950c62f944b927f14878f655263a9c210cd7
src/lib/assignmentLoading.js	1186	92516eb965f322f3b3b367537c321a58121368f067cd9c71e7535ecb19549921
src/lib/assignmentProgressService.js	13383	2c5d026c39b5482eb694ec0ab5445ac56421cbc4a419e6dbe20b67bedc05dc72
src/lib/attemptPurpose.js	2370	d69a8e4666cf3b08a3df01a4d75269f48ee8050bdcfd9b118cb970e01de8b8e9
src/lib/authService.js	5344	d09c675ea4e30fd96efdad9cf9659548d8610e9501e74c2292b0906de10d93d1
src/lib/backendStatus.js	664	d612ed293912554475550d500eafb55ea68156e2635c5fbc3484a84b1a2433e2
src/lib/developerDashboardService.js	15713	9baca406c7f816114bba969dcaebad8f565824ad9e7c4d315b88ef5ecd10cf43
src/lib/examAssignmentService.js	32606	176612c709a94b78665bcce979448df4df0db256e32d38723845dfc18d22f8b8
src/lib/examFeedbackMessages.js	314	44ab45cce051dcd3f751471771650f46ed250806d63453e52be1a3ebe2529028
src/lib/examReadinessRules.js	16479	293a9ecaa2ab6b1abf6d6f7ba45e02d74a5f3cb35608dc75160425fc5ae9dfb3
src/lib/historyPagination.js	1742	45212e13b55696d1676fd73946f923061150aff518200e0d1052afc0f5aaf84c
src/lib/learnerAnalytics.js	1252	4e82c75d395b7cded2df5733227cb31968686960146d5213ccf6d13d98a24e6a
src/lib/maintenanceAccessService.js	1376	a0ee48e37c5d59f445a6d8698894d0d5d2a1788bfdde7687d917909cdc94fdfa
src/lib/navigationRules.js	1700	c2234f6dc3a0309096546e56e50b8e89b83ba3792d96efdd3f5d78f8cb08b015
src/lib/onboardingService.js	17178	2f7270698ed538a0b165f6eb32980b743863a7f5eb22aa0262a39ed673ee61d7
src/lib/organisationManagementService.js	33295	4e4ad815a19aab2c61f98f86c579e640f0fc60dbb1558be0949bbfe0093b0d56
src/lib/placementResultService.js	8005	bb563af62983322eb4a4aada4624b1a586499ff984c4515953c50db09cf5a67d
src/lib/profileService.js	8698	e8c2c2a84a7e315071b5a9dc84d4b446714f8680d7b7b98696ca145844c7d8d4
src/lib/protectedAttemptInventory.js	1595	95b2b9ab1f683df31ba5bcf11c205a1c0df92951a6c60194a3cc32c1cbeb6406
src/lib/protectedDeliveryMode.js	655	1e34b04b9c91294b16aab3134e335cadce24505a000b5eed35b0267a5cbfba7c
src/lib/protectedExamClient.js	11475	eb0484613537a9dbe70a57e981c0e61e528326fb57eeb60f3fb2ee0cf8989cea
src/lib/protectedExamContract.js	7215	58c87580a42b0797656ce1c93dfbcf5cf7640efc1e93a22fe2aa59f63925a419
src/lib/protectedHistory.js	4523	505d59d100d5b81e8d965482a51a43a936be9105063dd102f119b400e1f4ccab
src/lib/protectedNavigationGuard.js	414	a17fc20ba6ebaf66d40923225b9f0d0cd6e9f8f868401dd1399aaf1dc62f9094
src/lib/protectedPracticeRequest.js	922	750bef11319c71ae97307d9d63ef25e6f2cff433c72a6807585ee4a4e2ccb657
src/lib/protectedRunnerState.js	576	0c58e9c56f08ab26db4f65d68e2bc566405192727344230ada1758658b891f91
src/lib/questionType.js	105	a322df663af23a9c4879eeee4267f0ec961bb25b72b7328bea6d931fa6e78966
src/lib/reportWorkflowService.js	8161	d247e0675b687d365f47fe5453cc00e28e19146441b7aa30d05cf1f7a91c07a1
src/lib/resultSaveEligibility.js	4968	6717f369ad0da97f8038ffe0fcc43adeaecbb96fdbb0ba43e614aefc04dd8c21
src/lib/resultStorageMappers.js	19041	a196a72a8434744cc5b38efb537e7954810045d09e4cd723c703f2eb1b02a2c5
src/lib/resultStorageService.js	6294	ccaccc7785c402bdb65aeba6996d000ae10c0bb369ce4c24e6884fdf9acb9b18
src/lib/roleUtils.js	2790	f86e893dcb13b70bec3624c6fe40ac046590fe048586a76f59d084870ffd6d05
src/lib/savedAttemptReviewMapper.js	5501	3f7cb9e1123db29e49b9d295289374d9995d5fbb2e5606aaccf337c116153d7f
src/lib/savedResultFormatters.js	7407	ea63f63f613ed185fadf900cf75722098c96b035c3d90d8d659fb8b1fb0ac303
src/lib/savedResultReportExport.js	6659	9b1a3c7c35a738fece42b6527c038feddea4ecf8a36aa049e003f94c8d58abd3
src/lib/savedResultsService.js	13105	5b34e14ed5950d36d605e5a1d679a7d832dd76273bce2efae2b7d184e6294936
src/lib/savedResultsView.js	1817	775adf9c6c91d07a468637828a75374d6a373611f79b1d6dcdc761bfb210e772
src/lib/studentAttemptIdentity.js	1007	b5765af8ab1ede6869e628042df585104872f9bbd9a07e12a66ab2b3f5a69149
src/lib/studentProgressService.js	17477	bbb20eec2e68f66d0099aba2dda5712829c7fb48bb41c78f03a8e7dd61a45df5
src/lib/supabaseClient.js	703	ab89f8c19ced1777445ba562757d8d0bbaec17e3fc09f7580537890f1ceff262
src/lib/supabaseConfig.js	1026	07ce8b488494d1e5015add1abb9bce31b9e0a14a63d9825a5d3b324fd228b661
src/lib/trainerAnalyticsService.js	31625	aa1b5f0a90dbf6cfa00ebc1a46ae942458a620cb90cd5f46187bce2f29fd5f4c
src/lib/trainerDashboardService.js	24755	3660e7e37a0a42fefdd72859ab987d26cead885fe4a079d5d072e67630a0b362
src/lib/trainerDashboardSnapshot.js	1364	65a23f5a51c242ebab9442370c00479c9d53faf0a0d08cafe191166ebcab4b75
src/lib/trainerFilterDraft.js	816	0b744d8104c09c5b480a7f3e9267a53a9cbd914e54011f4163677ca31eed7b14
src/lib/trainerScopeService.js	3483	4ba38220410226cc156f82819c0ad6229e611c47386fb444b6bd37f880ebf6a1
src/lib/weakAreaProfileSelection.js	230	d08b23b66ac2b757b938d7fbb2bfb5da0c33a5ad541d4c1500dc1e1a239fd7b0
src/main.jsx	250	59092909ab8ec99b07e01a1f2c1c4ff5a4bf2a40237dd0ea17dab6901c983760
src/maintenance/maintenance.css	2231	aee75c403945a12602715702be02d46cc13f3d8ae9cea087ee4d882179a0e426
src/maintenance/MaintenanceApp.jsx	5827	242f88e7fe01b48a3dcc7d99242cf76028ab21ccf041ca2774d5a22160b283a5
src/protected/LegacyFeatureUnavailable.jsx	1313	e8f7678e4241a5afe6e46c3b3b584b448e55494c22a3783ad178026b17fce5de
src/protected/protectedReportPdfExport.js	3363	07e585c8f06ac35951219c4b686690ba89ef18ccc30469c2319091586ec8c06c
src/protected/ProtectedSavedResultsPage.jsx	17254	14fb58fcca6ca9ee7fcdf17010c9d337bae16bcf083bfbac448bdf1e10e9e353
src/styles/global.css	160735	3f3eab6063cddd92392473de33efd046d191e13cf21402167f2b0529de54dec9
src/utils/attemptHistory.js	8060	60fa15d2efb22235c045b0e78fac11deffa8fbfd091d3119f65eb490afd49988
src/utils/codingLanguage.js	3906	395f722104a9aa100d213e5d7628b5d34acba98d951f384c5a7c4ae19d6567cb
src/utils/examHelpers.js	3511	2ff598cb1ec78ae57ead066db494eacf618ff5f9322b34aafabb2d54d272d8c0
src/utils/itDirectionScoring.js	8477	bc12506416509ef8ed0dbd6c34a64c8012516b9b3145dcb7ab2971a9ed778912
src/utils/markedReviewSummary.js	1654	697d2d88f36c7e2fd4357c245a6a06b681e2a80a7706c605c8d8f2ab8f144205
src/utils/pbqTerminal.js	1185	25da01aa4f004c64084873ba0ea29f46f84cf4b89606364f618d2dc96cddd581
src/utils/shuffle.js	336	9fa73c1b4c77b0a25938955f76577c7ce217a6060faa98c7689dd6c8a7673854
src/utils/useFullscreenMode.js	1503	cdc5001ac432dbee10fb78d8ee5f4bc4419122d4664de656825e6a13098e9b48
src/utils/validateExamRegistry.js	4495	667ad780f54296adfc34d9fc47189f94ef837e0e335d60dcffd1a6ab949729a6
src/utils/validation.js	158	6b4ec9bb10a7f9747e851464c32b5b2420fae87f52ab27f7c1fe35469c5eac32
supabase/config.toml	484	b77228cbef7912c1128a08225add67ec86449b0f91e6077f2d55a049797abb18
supabase/functions/certsim-protected-exam/client.ts	1348	da4b7d97671804f257e60d62010ca503e8760f71fc51e7dfcab9b780262ba489
supabase/functions/certsim-protected-exam/cors.ts	765	9dca4bec130b414e1004e5a67e710027c74f82e9bd7be559ce1201ee6b1582cf
supabase/functions/certsim-protected-exam/deno.json	211	eaa3ef21de54da095e95938913ff433819bff0be0f1377c7fa3efbbaf0228410
supabase/functions/certsim-protected-exam/deno.lock	3043	d1ab75dbf6ce3cca129bb5acfc5360775349eb87ec754f7704f02b103a85405d
supabase/functions/certsim-protected-exam/errors.ts	2993	fea87aa9615079cb84bbe789152d1c978c56c3048ea8ae9ef58f4ea977dc589e
supabase/functions/certsim-protected-exam/handler.ts	19535	05f94f0b300b623ed3aabc6bbaf5454b17063c202ed167bab92a41badfb87ad6
supabase/functions/certsim-protected-exam/index.ts	1225	0ec7b16762bda416b40362db442d3ac52889e7e175f31ec29b18bb91a934933a
supabase/functions/certsim-protected-exam/logging.ts	315	19d3f68d4ea9935ead7261419678a2214acd06365fca72ec815972c6550ed8cd
supabase/functions/certsim-protected-exam/responses.ts	26672	6378b60ce54023f9a51672e9b29135915c2d32986d08212803c8798442b7658c
supabase/functions/certsim-protected-exam/routes.ts	5049	a4650a8e5d247dd5ac891fb88b6dc9ea6a17f97eddda958fecf15e947cee566e
supabase/functions/certsim-protected-exam/tests/function_test.ts	51586	d2a8bc71f784712d8363fa0c3d18d995ef806645b2bb3c58d65a5af49b547410
supabase/functions/certsim-protected-exam/validation.ts	2861	7c82b3aaffbe4898960b44024a94fe1d26734cf86926d8ad35249e4c3804faac
supabase/functions/tests/edge_fixture.sql	3891	a10948b2236ec48ee0602384d6130f697d55e2f61d30cb9a94a40f69f2113514
supabase/functions/tests/integration_test.ts	5116	f61eb7db5aea68052834064cec9b1b086335dbe1a12342cfc128fe0a68b050f5
supabase/migrations/20260101000001_certsim_identity_foundation.sql	12175	b34fe7937515d1731ff92b6caff59eee34e1b4b36c9ab5e3a630e4b50e8e381b
supabase/migrations/20260101000002_certsim_attempt_result_storage.sql	13774	d3efbe3b6a4bb615e325d67c13da0df6197ab0ea8b8ed2c6fd5fa43918c3c233
supabase/migrations/20260101000003_identity_management_policy_fix.sql	1727	197aed0e07c8134677fda4cf6588a7324d2bd0a1975e22995e2370614381a61e
supabase/migrations/20260101000004_trainer_dashboard_policies.sql	6783	5f84c04bb2c35dabea005ee29ede509ad517f68233130d67dae78a3bfbca5069
supabase/migrations/20260101000005_exam_assignment_mvp.sql	9380	6743827c91f6ac1070363f0948d4d490c9b90913b99ab7f8122b678676f1f3a2
supabase/migrations/20260101000006_profile_display_name_management.sql	2440	67cdb810dc5299a1b11c61872b2e3a87c179b94845074e76dcf5e013b5c01f7f
supabase/migrations/20260101000007_scoped_admin_detail_access.sql	10216	15bc4e565b196a114434fe44261ed351cb737cd5e28604712e8a5f9e305f5aec
supabase/migrations/20260101000008_role_access_matrix_and_developer.sql	7994	428f88104f2ec60b6053f6e1ac3a60605077e87b64a9dacafbf29fa093a9bbe3
supabase/migrations/20260101000009_account_lifecycle_cleanup.sql	15688	d559d0c4f3f4ca217c7123bf011a7ab344e8fd1fe2cc38c5b8c720eddd064ad2
supabase/migrations/20260101000010_report_workflow_polish.sql	13126	0367b7cd7789f2d2af88845530f0142f23b36d5f9ca62ecb2e22bf72292a85cd
supabase/migrations/20260101000011_invites_access_codes_onboarding.sql	30490	a5c6003f64b1aaa5af1ea7a45f1ab1dcea8b561e0ee7fcfe1a1160fa325d36cf
supabase/migrations/20260101000012_reception_placement_results.sql	12867	d7f80e02017aace89c5b029ca68e74cb4e5bfda124bbceef23ad6140b6732502
supabase/migrations/20260101000013_protected_exam_delivery_foundation.sql	30817	615b9e3711b17795b5e9b3ba927cece3073463cead62206bf7a02b537fe15a47
supabase/migrations/20260827071056_protected_exam_delivery_operations.sql	34849	80369ff89fa8bd8ca9b6e2ec57632668c11ee5975e45100c48d7ec8becec4bad
supabase/migrations/20260827104924_protected_exam_delivery_publication.sql	17092	f43f92e563eb53e3d5d30062181e8a856c13b47727844a9e80357757a712d17a
supabase/migrations/20260827161104_protected_exam_assignment_authorization.sql	18207	f1e8ef1240cf074aab76b1bd4bcc923995cfa3b8eb1e98d125e987171fd2f577
supabase/migrations/20260827174825_protected_assignment_invoker_boundary.sql	1716	8f323fcacdf225727c381aed1887d6283b4c48f6aa6d488257fa42797ccf78d7
supabase/migrations/20260827190935_protected_attempt_interruption_recovery.sql	19603	1e91ad6b1634bb2fe85c253a660963515ae5f89ceb27a91d3a4a0ca3188ab495
supabase/migrations/20260827192557_protected_attempt_identity_recovery.sql	3513	ccfe990fe9105db76da2affc5bf312a9df535e4010baeb09a51635c097d099ae
supabase/migrations/20260828142514_multi_exam_protected_delivery_foundation.sql	10297	4eaa76971ebb80d19099899d7dff097195e6f976f2c69cf494eb0e5b58a357b8
supabase/migrations/20260828192747_generic_multi_exam_publication_lifecycle.sql	62689	9ea917f9d4c2237dbfdac8e724f4b8d0a214260c0ee637cacbbcfb7242e48171
supabase/migrations/20260828221028_lock_down_generic_lifecycle_helpers.sql	1075	3cff8b4ce4341161e9757ffee4614d804e6a66d7f303696519cbf493cffa79a3
supabase/migrations/20260828224638_package_v2_release_policy_declarations.sql	12806	6afa5dcf07020ca7e8034f27d2b75a46dd360ce6a10b1823ed589242fd2073a9
supabase/migrations/20260828232102_expose_protected_attempt_package_version.sql	2816	e23225d81e2eff01fcc644b142e89b25d0e518afc0a96648beb778a4b9ee30a5
supabase/migrations/20260829200302_repair_package_v2_dropdown_scoring.sql	13161	6c8bad2576b2490c46b89faa914f784459affd18bf9de0d1f664b7ec901b2db0
supabase/migrations/20260830075212_protected_practice_history_and_language.sql	30143	abb6335365abf7bc60b038b3b1fbab0489e11643b1e1eb1788bf3d32d21a23d2
supabase/migrations/20260830093145_separate_practice_assessment_authorization.sql	20733	d30c98cf3be6fa9771a24071a1391956f401c56c68782e4958f97a59a7e2d172
supabase/migrations/20260830102456_purpose_aware_attempt_continuation.sql	16986	8a156c45bf9ad9cc5771fbff95453579fb9de069b1355b11ad5137db40906586
supabase/migrations/20260830113215_purpose_aware_current_attempt_discovery.sql	4375	1add416e2ba579ba0155b3d45cf7bf852825cac4264a3645aa61c65e5481e936
supabase/migrations/20260830121020_expired_practice_replacement_lifecycle.sql	9795	97e7bec868de39411f4b91330728b032b8e0d3f6615cc2a5cf86fd3d00cbac08
supabase/migrations/20260830131152_protected_result_authority_marker.sql	1734	578c316190dda5fa4567ccc273cd794e8f11603cfd86b19a14da2710ed98cf6a
supabase/migrations/20260831090240_repair_package_v2_ordering_scoring.sql	4937	a9d214609254b0b43156b7c0aa19be1ff4d3a58a496aeda55c7c6ac9809262cc
supabase/migrations/20260901082946_purpose_aware_readiness_and_weak_area.sql	17915	50b7e0312fa360b543c0c915d0cceb4b669af6f70ec01fdb9e46df6f82ef209b
supabase/migrations/20260901091859_allow_ai901_package_v2_runtime.sql	913	1606fec36fee8817782412c411e744a1cb1e6fbddac3651fd20eae8db60558eb
supabase/migrations/20260901102814_protected_access_history_staff_analytics.sql	35925	f6e3c6bc59615fe7c47acaecc1b9283dadfc323b33a6cadfa06094789a6ff68c
supabase/migrations/20260901114217_purpose_aware_fixed_profile_counts.sql	6392	b0fc1727fac39df2bf8cfc5b474e3d17e3693bc17a574746f58c3af02685d547
supabase/migrations/20260901122402_unify_attempt_continuation_authorization.sql	3069	46488dd08efb7b651b77a9381c984e17a8a84e960553227e31218e932366d11e
supabase/migrations/20260901134555_bind_profile_eligibility_to_package_version.sql	4959	d356fb9fbea7eed993a020d9cef86d30a0bbc6c9e938da94838fbf6a51b9338a
supabase/migrations/20260901185404_production_authorized_access_contract.sql	19337	bfbf16ece54583dd0e483edc1c712b3d1479efe446dab0dc87af003b73c3f6ad
supabase/migrations/20260901203655_protected_unified_history_analytics.sql	8709	47565fe2178231f717ffa3698b15d96fa5186757ea1518cfc07403419607b920
supabase/migrations/20260901214515_r3d_staff_analytics_contract.sql	5652	bc13226d50141347f710bd37fd77969dc6f0c0fb820c6bd6a168f712aaf8ed66
supabase/migrations/20260901224945_r3e_assignment_scoped_performance.sql	19684	781b3fcd85ad512f55115fd82026a0581c31d7d606028c3b9d121b57be88867d
supabase/migrations/20260902052516_r3f_scoped_analytics_and_attempt_reconciliation.sql	10671	3ccb366359dc6f4d772b31504f8607191770b12d9b7a5265eeb3fdaaeb3a08ff
supabase/migrations/20260902143000_protected_runner_flags_and_issue_reports.sql	9368	9d886cb7a65695c63c0c9b39be4d1db77df45017ade27012dc51240bfed62bd8
supabase/migrations/20260902150000_r3h_atomic_attempt_replacement.sql	9948	2afe4777e6bcd19fb3ba600c45baa19d1e8607506142d748939ddadc687a4387
supabase/migrations/20260902170209_issue25_legacy_result_compatibility.sql	20206	fc32469ef5ba0bdee40d040378262c94190fab3818459bb7b63c081bfd69239e
supabase/migrations/20260902175259_issue23_performance_dashboard_contract.sql	14168	0e2e152f26c206c5a9c4b9bd7a76dc75a5dfd088997e7ecae37ca40f73ccca45
supabase/migrations/20260902181321_issue23_scoped_assessment_history.sql	5938	0c23b4e8262e820b459bce0159f41e9c55e8376e36329d66cdbf6543ee684f47
supabase/migrations/20260902211457_learner_progress_summary_metrics.sql	2595	5d1940c2c4eed0be3d5e4dec003a415af13012fe0a0553ded949b20e5923f53b
supabase/migrations/20260903034551_issue26_bounded_staff_filters.sql	16744	6b5b76b9c7a43f3e89af2812608786726fd82dd8ecc45ba405c0ef046958e9d8
supabase/migrations/20260903041403_issue26_campus_scope_runtime_fix.sql	5230	af9bc1de724848d9b1f0ba05aab989c9bbf8a3fa3a9527c2204a082ab028f128
supabase/migrations/20260903062901_issue26_legacy_classification_performance.sql	3041	7cf3020250706496f468c4ea6935a94832d5e80e11c1555f79b4323bf3a9f89b
supabase/migrations/20260903084553_p0_production_recovery_52_57.sql	2587	c5d2eb87736c22c7ad391339c0fb4bef161cc722b543ea28c28610d31ce88f53
supabase/migrations/20260903120000_issue59_function_definition_line_ending_preflight.sql	4658	498e76eabf576d4474b2eef11a39547a91e3aed1e6c58e94675ede60a408437b
supabase/migrations/20260903161929_issue_59_functional_recovery.sql	88510	60e795c4c543485fb91751f9b348d9b26c5ca1582f7d201d4348b814a1edcdbb
supabase/migrations/20260904161938_issue65_full_untimed_practice_sessions.sql	42171	e49edd67ad5056f1148e14696968b6681cef58c42bfef239815067166d90b0ea
supabase/migrations/20260905090355_issue65_live_acceptance_lifecycle_fix.sql	4660	1195ad5415fffa31de5504d5250bd06badc5e02cad237db2abcc1d6a960f3153
supabase/migrations/20260905153716_ai901_canonical_form_rotation.sql	32660	3a0272a06c879bfdb590a2a55b752e651c7f133438eb7af2a4dc8f64bc2deeeb
supabase/tests/backend_exam_delivery_assignment.sql	14707	75adcc572827be494b1455b99edaf4168c4fe8e832accb178a6507f042aa1e55
supabase/tests/backend_exam_delivery_baseline.sql	5369	7d5099865e8ab7db8910a80e79c78472fabcd66815020db8104faac5b406b4b5
supabase/tests/backend_exam_delivery_foundation.sql	12138	c59523027486baf77f85d775f5f3daee7e5b4e9496a70d5ba85d4c4552cc023c
supabase/tests/backend_exam_delivery_generic_lifecycle.sql	18864	2a3974ec34cd3ef8bb2fdabb4ec82cdbc69f74919357c200be24a510fc4d383f
supabase/tests/backend_exam_delivery_issue21.sql	11959	f03b5053dc790af833d54ded642982b1cbcd0ac309d82144e90eaecd78146bcb
supabase/tests/backend_exam_delivery_issue59.sql	18517	65e9336802fd4e65eded68c5dda997c618e4f43aaa703c55f8de9cf3989cfe97
supabase/tests/backend_exam_delivery_legacy_compatibility.sql	3478	ad77313ceb4553a347546bfb250df8f59c8b06314a6bafaeddfb4d6a665d721c
supabase/tests/backend_exam_delivery_multi_exam.sql	2947	f04dd83bc06f7d87cdd01462b069bb26eab1ee300e7152bb0849fc99498e0c06
supabase/tests/backend_exam_delivery_operations.sql	16479	9fba0d53c1458110401a083b2b53b43dec45f9939efd05d4d045b872d9604adc
supabase/tests/backend_exam_delivery_practice_history.sql	14414	f7571968727ac4d3c43f2a78ece35156335c5f583790ec5c0571ac6122dfa4b9
supabase/tests/backend_exam_delivery_publication.sql	3944	1943edefd8114c3ebb75a7552ddd0e9c296b64712c6f8732fc6d465e841d7c2e
supabase/tests/backend_exam_delivery_r3e_scope.sql	4366	cfd56245f88d37426bf51baae5b14948288813286e78a054c6b350e30fbaba93
supabase/tests/backend_exam_delivery_runner.sql	6958	b49d800ef3e0b7de58b6e14d9f216c5677034ea68be8e13c178d051796ed590e
tests/r3g/app-assigned-network.spec.js	7271	8e0fe8a999ec41351f57d417bb2e1fe8488ece4a30307bad7de7b9e7b9f16448
tests/r3g/app-assignment-route.spec.js	1200	3ee7e2dc049c30c782db8cdf720e3d1881ebe9a4aaf521c6f8738281fc803993
tests/r3g/exam-library.spec.js	5056	bdb7ebc6c12bc49e374209c4f92117ff61090f041d08006725644da2ed43cdd5
tests/r3g/home-action-cards.spec.js	3667	b2678dfeac3a555a1eeaddc0c277eddcc743ed9ee19845871fce5180e4881905
tests/r3g/navigation-harness.html	269	cfb8d3b15d0475c918c70db2894615e76543c2a6349c74664d28e898101d0a6d
tests/r3g/navigation-harness.jsx	1367	e3735f6f96ac40d34ca3a2473c4de4151e096077b6e41b33cb9ae35038ac3988
tests/r3g/navigation-integration.spec.js	1263	41ab6fc5d81473f7521df4dcf3662a65946a09b2d207033649ed937d6e3d6460
tests/r3g/performance-dashboard-routes.spec.js	592	dd10d7080a894b1dfd228b872e1796664e4f7087783f04e3056994235bd02149
tests/r3g/protected-lifecycle.spec.js	28893	78093daec0829ac3d6a7ced01cf00d1a364d25e24d367689e8cb837f16495b59
tests/r3g/protected-runner-harness.html	281	55346b0eed83065375d8f6c8bcd24c7ea9cd9e46fa0e898d721f420b11691548
tests/r3g/protected-runner-harness.jsx	1978	3045c36aff26ceb79c53ed77ed28588a09028aa7b08100c96054e75a14ba0874
tests/r3g/protected-saved-results-harness.html	291	ec73c18da464d775d39f4f0216719b917280931fe60b132bfec002877dc3a38e
tests/r3g/protected-saved-results-harness.jsx	602	9bb990360e59ae04805a55a10263e4ac67576aea688c9de50e423e9f9e9598c1
tests/r3g/protected-weak-area.spec.js	2102	8c69fc4393e1d234c83ed5140a65f8f72313c768e09839529b95144ea8736cb7
tests/r3g/ui-consistency.spec.js	4944	da539ed3f5ec976a1214e055fbfb1a61f7a4647889c1860f4ea24ec89cb2de59
vite.config.js	3676	ffac7fc28328cb9b8949b305c19f5ff87d9c7998ea6a38c97e5ba003bb0919ce
